{"1": {
 "calculator": "asecalculator",
 "calculator_parameters": {},
 "cell": {"array": {"__ndarray__": [[3, 3], "float64", [10.87218536795763, 0.0, 0.0, 5.436092683978814, 9.415588723304774, 0.0, 0.0, 0.0, 26.657826635112393]]}, "__ase_objtype__": "cell"},
 "charges": {"__ndarray__": [[66], "float64", [-0.08738415688276291, 0.08820612728595734, 0.08821914345026016, 0.08127286285161972, 0.08222372829914093, -0.08738626539707184, -0.08738790452480316, -0.08824500441551208, 0.08819055557250977, -0.08838243782520294, -0.08734754472970963, -0.08824051171541214, -0.08838940411806107, 0.0822349339723587, 0.08819305151700974, 0.08602819591760635, 0.08819737285375595, -0.08736184239387512, -0.088389553129673, -0.08823899179697037, -0.08838458359241486, 0.08816390484571457, 0.08226121217012405, 0.08604378253221512, -0.08734556287527084, 0.09447702765464783, 0.09451314806938171, 0.08608085662126541, 0.09449738264083862, -0.08837868273258209, -0.08839375525712967, -0.08898379653692245, 0.09345211088657379, -0.11245056986808777, -0.11243649572134018, -0.08826377987861633, 0.2375788390636444, 0.09349627047777176, 0.09346287697553635, 0.10352218151092529, -0.11247674375772476, 0.06709040701389313, 0.10526705533266068, 0.10346388071775436, 0.06709778308868408, 0.23763367533683777, -0.11249548196792603, -0.08120229840278625, -0.11238141357898712, 0.10525234043598175, 0.06705449521541595, 0.10352033376693726, 0.06710267066955566, -0.11238240450620651, 0.23738476634025574, -0.08132929354906082, 0.10527260601520538, -0.09998106211423874, -0.10000915080308914, -0.08125671744346619, -0.099993996322155, 0.06712748855352402, 0.06709090620279312, -0.02478758990764618, -0.15320393443107605, -0.5277827382087708]]},
 "constraints": [{"name": "FixAtoms", "kwargs": {"indices": [0, 1, 2, 3, 4, 5, 6, 7, 8, 9, 10, 11, 12, 13, 14, 15, 16, 17, 18, 19, 20, 21, 22, 23, 24, 25, 26, 27, 28, 29, 30, 31]}}],
 "ctime": 25.715245483892225,
 "energy": -352.16377738952696,
 "forces": {"__ndarray__": [[66, 3], "float64", [-0.013310196581215905, -0.0076505156850820155, 0.34747924770196204, 0.028379277190439034, -0.02607482043936743, -0.3864101348278891, -0.007853356349230428, 0.0364078029340405, -0.3868165007032744, 0.0025193813202495363, 0.0005952496377163996, -0.3310274422205768, -0.01125755723413846, -0.007046759226365662, -0.32376599769308956, -4.11827800109732e-05, 0.015354673365568061, 0.3474073869519728, 0.013341062588740016, -0.007717929065751972, 0.3474453865922442, 0.023657427147814047, 0.013644066830615031, 0.35289063448161784, 0.03821428553531625, -0.008897464309874425, -0.3861376186928819, 0.00033593562394074183, -0.010586290154189548, 0.3304029548513687, -0.0007949590520901495, 0.0005338196264096928, 0.31957779929507435, 7.380226283615343e-05, -0.027283786503193852, 0.35292259054427433, 0.00937779223673979, 0.005099679325156814, 0.3304115709784971, 0.0022197373902379525, 0.015696217649860955, -0.32377844317387305, -0.03385564472319735, -0.00883810670156085, -0.3865055345141725, 0.0009604749669449575, 0.0012276349100659445, -0.29020849231636703, 0.012233554928954449, 0.03638065317987313, -0.385939707609588, 7.716107290534069e-05, -0.0009566900410220569, 0.31962134489146354, -0.009007743381930666, 0.005524658081899558, 0.3304014569015654, -0.023537968551765154, 0.013648199064935085, 0.3528935489443761, 0.009136275711258635, 0.005482487268121616, 0.33046520837756455, -0.023814701496059243, -0.026081994075491943, -0.3856342134447055, 0.015814773479689848, -0.007145497372310405, -0.3241279752703894, 0.0020573810080044552, -0.0008215298648366343, -0.290391156850319, 0.0009414571168893104, 0.0005128114679871509, 0.31957576888551653, 0.002029066720865058, -0.0014586060222410713, -0.29319941805924427, 2.3088101721080445e-05, 0.001760758122269404, -0.29416429650226356, 0.0033152926912656255, 0.0011582660185069926, -0.29004815424048047, 0.004259589795623048, 0.0016764412082001627, -0.29364241376451106, -0.00018023211506879022, -0.010619086478165007, 0.3303876011904403, -0.009298217595910485, 0.005122288747257897, 0.3303983587938136, 4.692974032849406e-05, 1.3370970055603948e-06, 0.3379396813696758, -0.0003180645266494253, -0.00135282366243622, -0.00013798374700965677, -0.003027477745351781, -0.00016562553293136828, 0.00014204081309014682, -0.0018325685796014568, 0.0010920365160238532, -0.0015713684780740422, -0.0016056044216696819, -0.0007943966706112082, -0.0007036814951462134, -0.0012633115709874687, 0.0011405446525238894, -0.000608779895334699, 0.0003899819619988809, -0.0012644250436062987, -0.001108628637718323, -0.000805504347128505, -0.000380778257682457, -0.000272840480758485, -0.0037105045410060905, -0.0003020544575064593, -0.00018292430027597173, -0.0007874341167674326, -0.0003889252322832881, 0.0004677691962046704, 0.00126930377947021, -0.0005887648838167614, 0.00020685353124788586, -0.0009326560198026426, 0.0005064989924115082, -0.0005243935884831075, -0.002308124135342038, 0.0029251514384519284, 4.549992722042984e-05, 0.00048329455813700406, -0.000589684747771102, 0.0005528794975734885, -0.0023166539956509524, -0.001210447387052227, -0.0010887546771898293, -0.002608342652618223, -0.0006647021747703263, -0.00012308896887974763, -0.0024583363361330157, -0.00043723437879350513, 0.0016504346052386154, -0.0015479148088931027, 0.00023356522212303332, -0.0007257550536172996, 0.0018740495860258832, -0.00031966085134627065, 0.0007576168735083932, -0.0026472543577842275, -0.0003360228624969541, 0.0003725347123601924, -0.0020510166127166995, 0.0007268953761436214, -0.0006004992942626741, 0.001645047813952416, -0.002185122268818618, -0.0004311313960851937, -0.0009311300135477207, 0.0004015365267485693, -0.0005744857308692258, -0.0014016137473511492, 0.00047806848742970587, 0.0009463855479157068, -0.00019337114399042843, -0.0027473299329585643, -0.0008642662754425601, -0.00029678609972982883, -0.002542137650028309, -0.0005677140032989136, -0.0017482007621516527, -0.00039551902705170505, -0.0010792836182551557, -0.003966806868980655, 0.0007361664574876414, -0.001073168244057232, 0.0007573514286889349, -0.0006241382296963138, 0.0009102034217178812, -0.0005552480716985997, 0.00035497029166542404, -0.0004069893756224463, 0.0003228330149621095, -0.0003953509340377734, -0.0003662444537113792, -0.0017181523511182184, 0.0007876471038777699, -0.00034789484825828443, -0.0014749724104543178, 0.0004413180032545247, -0.0003300658517061128, -0.0009707846288264932, -0.0001769449712014648, 0.0025450509965594392, 0.0006739859525701775, -0.0006102785072812367, -0.003330367576381832]]},
 "free_energy": -352.16377738952696,
 "initial_magmoms": {"__ndarray__": [[66], "float64", [0.0, 0.0, 0.0, 0.0, 0.0, 0.0, 0.0, 0.0, 0.0, 0.0, 0.0, 0.0, 0.0, 0.0, 0.0, 0.0, 0.0, 0.0, 0.0, 0.0, 0.0, 0.0, 0.0, 0.0, 0.0, 0.0, 0.0, 0.0, 0.0, 0.0, 0.0, 0.0, 0.0, 0.0, 0.0, 0.0, 0.0, 0.0, 0.0, 0.0, 0.0, 0.0, 0.0, 0.0, 0.0, 0.0, 0.0, 0.0, 0.0, 0.0, 0.0, 0.0, 0.0, 0.0, 0.0, 0.0, 0.0, 0.0, 0.0, 0.0, 0.0, 0.0, 0.0, 0.0, 0.0, 0.0]]},
 "mtime": 25.715245483892225,
 "numbers": {"__ndarray__": [[66], "int64", [45, 45, 45, 45, 45, 45, 45, 45, 45, 45, 45, 45, 45, 45, 45, 45, 45, 45, 45, 45, 45, 45, 45, 45, 45, 45, 45, 45, 45, 45, 45, 45, 45, 45, 45, 45, 45, 45, 45, 45, 45, 45, 45, 45, 45, 45, 45, 45, 45, 45, 45, 45, 45, 45, 45, 45, 45, 45, 45, 45, 45, 45, 45, 45, 7, 8]]},
 "pbc": {"__ndarray__": [[3], "bool", [true, true, true]]},
 "positions": {"__ndarray__": [[66, 3],