{"1": {
 "calculator": "asecalculator",
 "calculator_parameters": {},
 "cell": {"array": {"__ndarray__": [[3, 3], "float64", [10.87218536795763, 0.0, 0.0, 5.436092683978814, 9.415588723304774, 0.0, 0.0, 0.0, 26.657826635112393]]}, "__ase_objtype__": "cell"},
 "charges": {"__ndarray__": [[66], "float64", [-0.08675231784582138, 0.08093126118183136, 0.08093239367008209, 0.08082346618175507, 0.08087733387947083, -0.08675245940685272, -0.08675231784582138, -0.08669028431177139, 0.08093087375164032, -0.08671887218952179, -0.08674412965774536, -0.08668994903564453, -0.0867185965180397, 0.08087705820798874, 0.08093228936195374, 0.08091600239276886, 0.08093105256557465, -0.08674450218677521, -0.08671874552965164, -0.08668982982635498, -0.08671800792217255, 0.08093098551034927, 0.08087819069623947, 0.08091582357883453, -0.08674447983503342, 0.08092166483402252, 0.08092376589775085, 0.08091577887535095, 0.08092184364795685, -0.0867186188697815, -0.0867188423871994, -0.08667831122875214, 0.10225141793489456, -0.0962928980588913, -0.09629236161708832, -0.09660673141479492, -0.0964890867471695, 0.10225166380405426, 0.10225190222263336, 0.102147676050663, -0.0962931290268898, 0.10204194486141205, 0.10213853418827057, 0.1021474078297615, 0.1020420640707016, -0.09648789465427399, -0.096293143928051, -0.09606747329235077, -0.0962928757071495, 0.10213842242956161, 0.10204236209392548, 0.10214713215827942, 0.1020413339138031, -0.09629298746585846, -0.09648800641298294, -0.0960688591003418, 0.10213850438594818, -0.09636781364679337, -0.09636799246072769, -0.0960676521062851, -0.09636814892292023, 0.10204151272773743, 0.10204119980335236, 0.1019856184720993, 0.29873645305633545, -0.29845768213272095]]},
 "constraints": [{"name": "FixAtoms", "kwargs": {"indices": [0, 1, 2, 3, 4, 5, 6, 7, 8, 9, 10, 11, 12, 13, 14, 15, 16, 17, 18, 19, 20, 21, 22, 23, 24, 25, 26, 27, 28, 29, 30, 31]}}],
 "ctime": 25.715245303626865,
 "energy": -349.72815224481803,
 "forces": {"__ndarray__": [[66, 3], "float64", [-3.5376995362046415e-05, -2.979981960665734e-05, 0.3265432544118233, 0.001710223563518909, -0.00010736405239297753, -0.32506593194102745, 0.0011158322377085028, 0.000927446672629062, -0.32508510648506606, 0.0011040582025341195, 0.00022712864775797925, -0.32395834142471003, 0.001213592030719468, 0.0002939699197214707, -0.32392767174002507, 2.3384565541295643e-05, 7.342462876563927e-05, 0.3265440857023382, 8.117567978405127e-05, -2.765648327746062e-05, 0.3265450956077567, 4.561527584545644e-06, -5.829934039247586e-06, 0.32649759620005947, 0.0016974888384098108, -0.00013490799856816227, -0.3250646845551316, 5.3073015553684044e-05, 3.481376908875955e-05, 0.32657486017307547, 9.570489759513912e-05, -3.599334557918832e-05, 0.32657387620848705, 2.3929484195273076e-05, 2.7406118000006252e-05, 0.3264973949640889, 1.3300975349350708e-05, -3.2062753091866014e-05, 0.3265744995314484, 0.0010993107512557998, 9.181318724749143e-05, -0.32392369514738817, 0.0005005674362337231, -0.0001346407496039259, -0.32507907922924617, 0.0007475421045555208, 0.0004343745942844146, -0.32519673099586965, 0.0010866531910700417, 0.0009264995067037179, -0.3250591382678583, 2.3595321333447217e-05, 9.033543294037494e-05, 0.32657403692328846, 6.266416440880995e-05, 1.6832170431468896e-05, 0.32657778711968144, 4.430576354041982e-05, -6.274077350654217e-06, 0.32649848531278125, -1.5889954890102587e-05, 1.6156431971836582e-05, 0.3265758323717132, 0.0004887162447761995, -0.00010910415430132048, -0.3250600891435978, 0.0009870990486753328, 0.000294186832527521, -0.3239470931571116, 0.0011015970792804808, -0.0001837262838368936, -0.3251904123783613, -4.9506048034553274e-05, -3.599437563078789e-05, 0.32657359416150966, 0.0011001170070699118, -0.00010854040817065425, -0.3256202731581351, 0.000808622033964923, 0.0003959600432487109, -0.3256433611977151, 0.001456912849874925, 0.00043241428982510044, -0.3251966084906588, 0.0013894891097958606, 0.0003894243119985166, -0.3256215079868948, -4.75123049326065e-06, 3.3877864018150294e-05, 0.3265760192071745, 3.2962645054923634e-05, -3.194418635510399e-05, 0.3265767092432051, 2.172830300217754e-05, 5.087294941252818e-06, 0.3267029767700955, -0.0007469611444534952, -0.0003538030598728703, -0.0009271194092840274, -0.00020382743218527732, -0.00030853307550682274, -0.0013202980774168205, -0.0006094446573317036, 0.0003987107246974375, -0.0013596203289644726, -0.0007276169547201228, -0.00015969140110705382, -0.0011903111538700273, 0.0004415931920469518, 0.0005338276218921356, -0.0009426265511267296, -0.00033629175890248497, 0.00037034404625835293, -0.0009334706330140913, -3.987626629409213e-05, -0.0002951535364954516, -0.0009378976207339018, -0.0008709024544265587, -0.00028740900367596467, -0.0011167314052702437, -0.0003182632885305736, -0.0005460838023392256, -0.0013280129204122013, -0.001145776699730927, 0.0014143935905570615, 0.0012275570416860407, 0.001072836831380819, -0.0009338085841325006, -0.0010959829193506743, -0.0004490933553820131, 0.00045160356466134033, -0.0011232941225021165, -0.002078094464602609, -0.00017865546045869873, 0.0012124342121134224, -0.0007371248552874299, -0.0015383208673382942, -0.0009454869178005532, -0.0011455761783869534, -0.0005371893115491688, -0.001349403248885439, -0.001898303354213482, 0.0005282751301625144, 0.001487229631638165, -0.0008621192781763654, 0.0003999342072250611, -0.0013415973979341578, -0.00033511931261687167, 0.001642143389247508, -0.0010866239094640406, 0.00045979167879051097, -0.0015115536463007895, 0.0011953869831051178, -3.298338576462889e-05, -0.00028722138233439054, -0.001112696501035515, -0.00124744481660799, -0.0016049784583230253, 0.0012208362250907545, -0.00126176739369388, -0.0003025155079989794, -0.0013357755050166648, -0.0019306458394119375, 0.0005464028318750147, -0.0009424400650019649, -0.0007276095747910105, -0.001519989850397252, 0.0014706964407649181, -0.0018650487834250828, -0.000999209541373225, -0.0010901479346849263, -0.0007327175487570337, -0.0003538407734993143, -0.003211597242501446, -0.000905730455335263, -5.454752380085193e-05, -0.003229739568068185, 0.00044924392412326597, 0.0005330167288857268, 0.0014770259778584816, -0.0005423597878504438, -4.688974818568836e-05, -0.0032025793277783016, 0.0004999307956341514, 0.0014137323978058447, 0.0012294109810857268, 0.001286117655034169, -9.662792687292754e-05, 0.0011902881417301947, -0.00044087291618666313, -4.3176241443454444e-05, -0.0037152789359806704, 1.7024898646411657e-07, -1.3960961950942874e-06, -0.00430356277138344, -7.96212538123342e-07, 8.97471636562841e-07, 0.00106505022267811]]},
 "free_energy": -349.72815224481803,
 "initial_magmoms": {"__ndarray__": [[66], "float64", [0.0, 0.0, 0.0, 0.0, 0.0, 0.0, 0.0, 0.0, 0.0, 0.0, 0.0, 0.0, 0.0, 0.0, 0.0, 0.0, 0.0, 0.0, 0.0, 0.0, 0.0, 0.0, 0.0, 0.0, 0.0, 0.0, 0.0, 0.0, 0.0, 0.0, 0.0, 0.0, 0.0, 0.0, 0.0, 0.0, 0.0, 0.0, 0.0, 0.0, 0.0, 0.0, 0.0, 0.0, 0.0, 0.0, 0.0, 0.0, 0.0, 0.0, 0.0, 0.0, 0.0, 0.0, 0.0, 0.0, 0.0, 0.0, 0.0, 0.0, 0.0, 0.0, 0.0, 0.0, 0.0, 0.0]]},
 "mtime": 25.715245303626865,
 "numbers": {"__ndarray__": [[66], "int64", [45, 45, 45, 45, 45, 45, 45, 45, 45, 45, 45, 45, 45, 45, 45, 45, 45, 45, 45, 45, 45, 45, 45, 45, 45, 45, 45, 45, 45, 45, 45, 45, 45, 45, 45, 45, 45, 45, 45, 45, 45, 45, 45, 45, 45, 45, 45, 45, 45, 45, 45, 45, 45, 45, 45, 45, 45, 45, 45, 45, 45, 45, 45, 45, 7, 8]]},
 "pbc": {"__ndarray__": [[3], "bool", [true, true, true]]},
 "positions": {"__ndarray__": [[66, 3],